Feature,Bottom_Threshold,FOMO_Threshold,GVF_Score
raw_rsi_14,42.80046081087892,58.51344381651914,0.8539
raw_cumulative_return_5d,-0.0608547008547007,0.036893203883495,0.8004
raw_price_above_ma20,0.947519781419086,1.0657641570931171,0.7995
raw_volatility_5d,0.0306350245775103,0.0650344953684872,0.8716
raw_return_1d,-0.0358888906152548,0.0148668099124086,0.804
